[{"id":21,"title":"Audra Larson","author":"Keara Grady","description":"Soluta occaecati omnis est aut nostrum esse. Quis dolor asperiores placeat cum dolorem. Voluptatem dolore eum incidunt a vitae nihil. Dolore qui et sunt doloribus ut et.","category":"drama","published_at":"1980-03-31","created_at":"2024-09-03T16:16:15.000000Z","updated_at":"2024-09-03T16:16:15.000000Z"},{"id":23,"title":"Prof. Green Christiansen","author":"Miss Jackie Waters MD","description":"Illo ratione iste saepe dolor dolores excepturi. Aperiam accusantium libero nihil molestiae culpa omnis. Sint et tenetur est animi eligendi nostrum et.","category":"romance","published_at":"2004-04-11","created_at":"2024-09-03T16:16:15.000000Z","updated_at":"2024-09-03T16:16:15.000000Z"},{"id":24,"title":"Mr. Hilbert Buckridge PhD","author":"Dr. Sonny Runte","description":"Deserunt et molestias et. Nesciunt omnis et voluptatum. Dolore voluptas numquam omnis dolorum et beatae ipsam.","category":"horror","published_at":"2008-11-07","created_at":"2024-09-03T16:16:15.000000Z","updated_at":"2024-09-03T16:16:15.000000Z"}]