[{"title":"Reynold McClure Sr.","author":"Kendra Borer","description":"Quasi rerum exercitationem adipisci officiis sit. Ut non occaecati optio culpa velit itaque. Et dolores eos tempora. Ut at a quia.","published_at":"1984-11-11","average_rating":null,"ratings":[]},{"title":"Mr. Roberto Brown III","author":"Prof. Miller Mante II","description":"Et dolorum minima est hic aut occaecati vel. Nisi amet accusantium quaerat amet autem at et. Illo dolore aut eveniet dolor. Ratione aut exercitationem minima nesciunt quia voluptatibus sit.","published_at":"2002-10-08","average_rating":null,"ratings":[]},{"title":"Prof. Berta Kemmer","author":"Miss Tiana Bayer","description":"Ipsa officia beatae accusantium vel. Dolor aut accusantium dolorem. Placeat sequi sit ut unde doloremque architecto ut ut.","published_at":"1990-04-13","average_rating":null,"ratings":[]},{"title":"Prof. Brain Ward IV","author":"Prof. Destini Christiansen II","description":"Dignissimos nemo at ut molestiae quae. Et aspernatur perferendis quo repudiandae ipsam et omnis. Omnis libero maiores perferendis est nihil nam praesentium. Consequatur eum sit voluptatem beatae.","published_at":"1970-12-21","average_rating":null,"ratings":[]},{"title":"Karen Lockman","author":"Elyssa Gutmann","description":"Et exercitationem quos adipisci magni. Suscipit voluptatem nihil provident id beatae. Ipsa quo nihil odio.","published_at":"2012-04-05","average_rating":null,"ratings":[]},{"title":"Prof. Marvin Runte","author":"Prof. Kyle Jast","description":"Fugit cumque consectetur ipsa molestiae aut. Est ipsum unde non et consectetur quisquam voluptatem. Et occaecati minima ea omnis vero. Aut vel excepturi vel voluptatem expedita non minima omnis.","published_at":"2006-09-17","average_rating":null,"ratings":[]},{"title":"Dr. Elmore Ankunding","author":"Miracle Stracke","description":"Unde voluptatum vero numquam nisi quis alias. Dolorum corporis quasi ut sunt. Eaque harum quis sint vel. Facilis quia tenetur omnis.","published_at":"1988-11-08","average_rating":null,"ratings":[]},{"title":"Dr. Imelda Goyette Sr.","author":"Ransom Medhurst","description":"Officiis quidem rem dolorum voluptas optio sed. Molestias iusto quibusdam omnis fugit earum. Voluptas cum repudiandae maxime at illum.","published_at":"1984-09-13","average_rating":null,"ratings":[]},{"title":"Chelsey Harris","author":"Ethel Rutherford","description":"Animi quo ratione consectetur sapiente recusandae praesentium quod. In sequi iste ad quidem. Sapiente eum ab consequatur dolorem.","published_at":"1979-04-01","average_rating":null,"ratings":[]},{"title":"Chaim Pfeffer","author":"Dana Koss","description":"Impedit quasi minima numquam molestiae sunt rerum aut labore. Corporis dolores eos dignissimos. Aut amet voluptatem qui nisi esse.","published_at":"2013-02-17","average_rating":null,"ratings":[]},{"title":"Raquel Franecki","author":"Madilyn Jacobs DVM","description":"Sapiente non est consequatur aliquid quaerat voluptates. Distinctio aut saepe ut odit quae quis. Maxime ea reprehenderit nihil dolor. Vitae est pariatur quo itaque rem.","published_at":"2003-09-26","average_rating":null,"ratings":[]},{"title":"Ozella Runolfsson II","author":"Dr. Garrett Botsford I","description":"Consequuntur perferendis tenetur aut nisi consectetur et reprehenderit. Praesentium officiis nisi omnis velit.","published_at":"2013-03-23","average_rating":null,"ratings":[]},{"title":"Prof. Jena Kub","author":"Dr. Robin Conroy","description":"Omnis iste inventore debitis. Dolorem asperiores et temporibus nesciunt. Neque ad magnam sint consectetur aspernatur autem in.","published_at":"2015-04-29","average_rating":null,"ratings":[]},{"title":"Antonietta Jakubowski","author":"Dante Gislason","description":"A sit rem quaerat harum ipsum culpa. Enim quibusdam excepturi cupiditate et dolor est qui. Enim et nulla deleniti velit beatae reprehenderit.","published_at":"2009-08-09","average_rating":null,"ratings":[]},{"title":"Jordon Russel Sr.","author":"Ms. Rosanna Torphy","description":"Repellendus officiis rerum aut iure quo. Est aut assumenda officiis laborum. Repellat vel aut perspiciatis est dolore. Laborum maiores quia quam provident modi et ipsam.","published_at":"1994-12-01","average_rating":null,"ratings":[]},{"title":"Mrs. Rachel Dooley Sr.","author":"Ms. Katherine Hammes","description":"Non est qui sint cupiditate quis. Praesentium sed necessitatibus eum necessitatibus. Incidunt labore rerum et deserunt veritatis est. Mollitia qui aliquam at perferendis non pariatur.","published_at":"1992-06-23","average_rating":null,"ratings":[]},{"title":"Everett Cronin","author":"Prof. Maurice Predovic III","description":"Commodi aut dolores numquam tenetur. Voluptatum odit consectetur voluptate voluptas quas quis. Aut similique est impedit dolore. Libero qui suscipit labore impedit.","published_at":"1986-04-17","average_rating":null,"ratings":[]},{"title":"Rosalind Pfannerstill","author":"Clint Marvin","description":"Impedit aut velit inventore qui eius omnis minus. Id ullam quaerat qui voluptatem est facere. Eveniet veniam officiis temporibus aliquam et.","published_at":"1971-06-10","average_rating":null,"ratings":[]},{"title":"Ms. Courtney Boehm MD","author":"Shanel O'Connell DVM","description":"Qui distinctio necessitatibus pariatur voluptas hic minima. Voluptatem sint iste laboriosam occaecati. Voluptas et delectus voluptates hic. Fugit explicabo optio quo nobis.","published_at":"1982-02-04","average_rating":null,"ratings":[]},{"title":"Alanis Bogan","author":"Karen Carter","description":"Corporis illum ea nisi. Consequatur modi suscipit eos. Non explicabo ea voluptas expedita eaque ut eveniet sint. Voluptatem minus ducimus nam recusandae ullam. Sit fugit sit eius unde ab atque.","published_at":"2017-08-09","average_rating":null,"ratings":[]},{"title":"Audra Larson","author":"Keara Grady","description":"Soluta occaecati omnis est aut nostrum esse. Quis dolor asperiores placeat cum dolorem. Voluptatem dolore eum incidunt a vitae nihil. Dolore qui et sunt doloribus ut et.","published_at":"1980-03-31","average_rating":"3.0000","ratings":[{"user_name":"Robin King","rating":3,"review":"Quia magnam similique animi eos. Aut ex excepturi qui consequatur excepturi illum non. Cum earum eveniet ab consequatur sint ipsam aut."}]},{"title":"Monserrate Hessel","author":"Mrs. Corene Predovic DDS","description":"Similique qui dolores in. Consequatur ratione ut minus neque dolores doloribus quod. Aut dicta tenetur aperiam quam et recusandae ut. Voluptas praesentium voluptas doloribus nihil debitis blanditiis.","published_at":"1977-11-29","average_rating":"5.0000","ratings":[{"user_name":"Gregoria Kshlerin","rating":5,"review":"Eligendi ex accusamus et omnis. Et quaerat consequatur similique omnis repudiandae et id. Quas adipisci consequatur sapiente est inventore qui. Sunt voluptatem doloremque omnis sed et voluptatem."}]},{"title":"Prof. Green Christiansen","author":"Miss Jackie Waters MD","description":"Illo ratione iste saepe dolor dolores excepturi. Aperiam accusantium libero nihil molestiae culpa omnis. Sint et tenetur est animi eligendi nostrum et.","published_at":"2004-04-11","average_rating":"1.0000","ratings":[{"user_name":"Montana Schumm","rating":1,"review":null}]},{"title":"Mr. Hilbert Buckridge PhD","author":"Dr. Sonny Runte","description":"Deserunt et molestias et. Nesciunt omnis et voluptatum. Dolore voluptas numquam omnis dolorum et beatae ipsam.","published_at":"2008-11-07","average_rating":"4.0000","ratings":[{"user_name":"Montana Schumm","rating":4,"review":"Sit et dolores autem rerum et ut. Ut doloribus sed eveniet. Voluptas aliquam et sequi repudiandae aspernatur corrupti."}]},{"title":"Camden Abshire DVM","author":"Madie Harvey","description":"Velit doloremque dicta voluptas aspernatur. Aut itaque alias recusandae culpa ducimus aut illum. Voluptas neque assumenda ea. Et illo laborum aperiam inventore sed non aut aperiam.","published_at":"1970-03-26","average_rating":"4.5000","ratings":[{"user_name":"Calista Kohler","rating":5,"review":null},{"user_name":"Montana Schumm","rating":4,"review":null}]},{"title":"Mrs. Selina Willms","author":"Eunice Kunze","description":"Ullam alias qui hic expedita. Reprehenderit officiis mollitia eius perferendis. Debitis labore est modi nesciunt voluptatem. Aut voluptatem et repellat totam voluptas nesciunt.","published_at":"2006-02-10","average_rating":"1.0000","ratings":[{"user_name":"Tevin Schuster","rating":1,"review":"Magni ut et ut ut quis cumque odit sit. Voluptas iusto incidunt praesentium. Et qui nihil quia inventore nesciunt earum similique."}]},{"title":"Dawson Smitham","author":"Prof. Clementine Bahringer DVM","description":"Quae qui voluptate minima. Laborum nihil laboriosam iusto rerum occaecati sed illum. Quas repellat mollitia expedita. Rerum nam est sed hic assumenda. Sequi necessitatibus sunt quaerat eum rerum.","published_at":"2019-01-10","average_rating":null,"ratings":[]},{"title":"Dylan Fahey","author":"Damian Beier","description":"Reprehenderit enim laboriosam at blanditiis. At maxime cumque voluptatibus porro. Molestiae rerum error modi iusto veritatis odio. Nihil ipsum non dolor.","published_at":"2019-10-21","average_rating":"2.0000","ratings":[{"user_name":"Montana Schumm","rating":2,"review":"Est ea quae voluptatem reiciendis culpa expedita. Eius omnis est aut ratione a. Quos consequatur dolorum autem non ipsa consequatur dolores. Quas aliquam rerum labore rerum consequatur."}]},{"title":"Dr. Zachary Robel","author":"Guido Ledner","description":"Velit ut et ab quia est veniam rem. Esse hic quam aut et neque in asperiores. Ex corrupti aut ut illo qui a.","published_at":"1983-11-05","average_rating":"2.0000","ratings":[{"user_name":"Jorge Doyle Sr.","rating":2,"review":"Quae dignissimos mollitia error qui. Repellat commodi sint nihil quibusdam rem id optio laboriosam. Aut accusamus vel ut omnis ullam. Suscipit a nihil unde."}]},{"title":"Alvera DuBuque","author":"Mr. Trace Harris","description":"Et esse quos ratione nam voluptas a odit reiciendis. Enim dignissimos sequi eos sit placeat suscipit. Eum eum non explicabo dolor voluptatibus ut.","published_at":"1994-12-26","average_rating":"5.0000","ratings":[{"user_name":"Mason Stanton","rating":5,"review":null}]}]