[{"title":"Reynold Altenwerth III","author":"Prof. Abbigail Cummings Sr.","description":"Et aliquid quod vel neque blanditiis id aut. Harum iusto et maxime maiores quis deleniti. Ipsa aperiam et sint blanditiis.","published_at":"2011-08-11","average_rating":null,"ratings":[]},{"title":"Seth Kerluke","author":"Nathen Bahringer","description":"Nobis aut quam eaque consectetur. Adipisci laudantium sunt modi. Et architecto officiis sunt minus. Dignissimos omnis non et. Sint nam assumenda dolor laudantium quam fuga.","published_at":"2018-12-14","average_rating":null,"ratings":[]},{"title":"Dr. Oceane Thompson I","author":"Vincenza Sipes DVM","description":"Est consequatur aut rerum culpa ex. Et et consequuntur et quaerat modi provident soluta. Rerum beatae inventore quibusdam omnis.","published_at":"2007-02-18","average_rating":null,"ratings":[]},{"title":"Ms. Zula Lynch","author":"Evalyn Kuhn MD","description":"Tempora reprehenderit animi sed odit. Quo consequuntur voluptatem aut autem. Consequatur architecto veniam asperiores repudiandae cupiditate. Aut in quia similique at reprehenderit veniam tempore.","published_at":"1981-07-09","average_rating":null,"ratings":[]},{"title":"Miss Caitlyn Fahey Sr.","author":"Ms. Maegan Rodriguez","description":"Exercitationem consectetur modi soluta fugit eos. Molestiae amet et deleniti similique. Ipsum et laudantium facere ut atque quaerat hic. Amet doloremque ad inventore nobis recusandae unde voluptates.","published_at":"1979-02-19","average_rating":null,"ratings":[]},{"title":"Prof. Makenna Davis","author":"Eda Kub","description":"Quae totam temporibus ea reiciendis ut est. Quo ab et et sit totam est quasi. Quos et itaque consequuntur quibusdam consectetur accusamus sed et. Architecto voluptates sed illum.","published_at":"1976-01-25","average_rating":null,"ratings":[]},{"title":"Marisol Ebert","author":"Mr. Khalid Dickinson IV","description":"Doloribus iste et voluptatem possimus minima laborum. Autem enim dolores maxime dolorem voluptatem ea. Quis minus neque et. Hic deleniti ut nam sit.","published_at":"1992-10-30","average_rating":null,"ratings":[]},{"title":"Faustino Bosco","author":"Aubree Balistreri PhD","description":"Dolor corporis aperiam aut fugiat. Consequatur veniam est est cum sapiente. Et amet dolor numquam qui aperiam.","published_at":"2011-04-23","average_rating":null,"ratings":[]},{"title":"Neha Wiza PhD","author":"Prof. Theresia Blick","description":"Harum maiores eaque et et. Voluptatem sed est asperiores consectetur asperiores qui. Velit qui incidunt ab omnis delectus.","published_at":"1998-04-22","average_rating":null,"ratings":[]},{"title":"Aiyana Upton","author":"Mrs. Heidi Dickinson","description":"Optio non quis corrupti. Iusto blanditiis est est dolorem. Animi consequatur ut est hic tempore. Veritatis eveniet repellat dignissimos est non sint voluptatem placeat.","published_at":"2022-05-05","average_rating":null,"ratings":[]}]